{"cameraMode":{"drawMode":0,"name":"Shaded","section":"Shading Mode"},"sceneLighting":false,"audioPlay":false,"sceneViewState":{"m_AlwaysRefresh":true,"showFog":true,"showSkybox":false,"showFlares":true,"showImageEffects":true,"showParticleSystems":true,"showVisualEffectGraphs":true,"m_FxEnabled":true},"in2DMode":false,"pivot":{"x":0.3916245102882385,"y":1.2404183149337769,"z":1.3041415214538575},"rotation":{"x":0.00010831199324456975,"y":0.9991677403450012,"z":0.0026874439790844919,"w":-0.04168501868844032},"size":0.3570714294910431,"orthographic":false}