{"cameraMode":{"drawMode":0,"name":"Shaded","section":"Shading Mode"},"sceneLighting":true,"audioPlay":false,"sceneViewState":{"m_AlwaysRefresh":true,"showFog":true,"showSkybox":true,"showFlares":true,"showImageEffects":true,"showParticleSystems":true,"showVisualEffectGraphs":true,"m_FxEnabled":true},"in2DMode":false,"pivot":{"x":-0.09329810738563538,"y":2.7088730335235597,"z":-2.651986598968506},"rotation":{"x":0.07043229788541794,"y":-0.017672257497906686,"z":0.0012671028962358833,"w":0.9973880648612976},"size":0.7681146860122681,"orthographic":false}