{"cameraMode":{"drawMode":0,"name":"Shaded","section":"Shading Mode"},"sceneLighting":true,"audioPlay":false,"sceneViewState":{"m_AlwaysRefresh":true,"showFog":true,"showSkybox":true,"showFlares":true,"showImageEffects":true,"showParticleSystems":true,"showVisualEffectGraphs":true,"m_FxEnabled":true},"in2DMode":false,"pivot":{"x":0.657082200050354,"y":1.0885295867919922,"z":0.8703288435935974},"rotation":{"x":0.03782619535923004,"y":-0.6922348141670227,"z":0.036372460424900058,"w":0.719770610332489},"size":0.7681146860122681,"orthographic":false}