{"cameraMode":{"drawMode":0,"name":"Shaded","section":"Shading Mode"},"sceneLighting":true,"audioPlay":false,"sceneViewState":{"m_AlwaysRefresh":true,"showFog":true,"showSkybox":true,"showFlares":true,"showImageEffects":true,"showParticleSystems":true,"showVisualEffectGraphs":true,"m_FxEnabled":true},"in2DMode":false,"pivot":{"x":-2.7334699630737306,"y":3.6596522331237795,"z":-0.5807634592056274},"rotation":{"x":-0.062255311757326129,"y":-0.7894400954246521,"z":0.08120423555374146,"w":-0.605263888835907},"size":2.568114757537842,"orthographic":false}