{"cameraMode":{"drawMode":0,"name":"Shaded","section":"Shading Mode"},"sceneLighting":true,"audioPlay":false,"sceneViewState":{"m_AlwaysRefresh":true,"showFog":true,"showSkybox":true,"showFlares":true,"showImageEffects":true,"showParticleSystems":true,"showVisualEffectGraphs":true,"m_FxEnabled":true},"in2DMode":false,"pivot":{"x":-1.0728623867034913,"y":-1.928713083267212,"z":18.457548141479493},"rotation":{"x":-0.0868716761469841,"y":0.021725693717598916,"z":-0.0018906808691099287,"w":-0.9960033297538757},"size":12.12435531616211,"orthographic":false}