{"cameraMode":{"drawMode":0,"name":"Shaded","section":"Shading Mode"},"sceneLighting":true,"audioPlay":false,"sceneViewState":{"m_AlwaysRefresh":true,"showFog":true,"showSkybox":true,"showFlares":true,"showImageEffects":true,"showParticleSystems":true,"showVisualEffectGraphs":true,"m_FxEnabled":true},"in2DMode":false,"pivot":{"x":1270.2130126953125,"y":740.57373046875,"z":-817.5254516601563},"rotation":{"x":0.022494163364171983,"y":-0.01921120658516884,"z":0.000448699138360098,"w":0.9995891451835632},"size":0.8660253882408142,"orthographic":false}