{"cameraMode":{"drawMode":0,"name":"Shaded","section":"Shading Mode"},"sceneLighting":true,"audioPlay":false,"sceneViewState":{"m_AlwaysRefresh":true,"showFog":true,"showSkybox":true,"showFlares":true,"showImageEffects":true,"showParticleSystems":true,"showVisualEffectGraphs":true,"m_FxEnabled":true},"in2DMode":false,"pivot":{"x":0.21818195283412934,"y":1.4666193723678589,"z":0.6321152448654175},"rotation":{"x":-0.00040386439650319517,"y":-0.9987288117408752,"z":0.007990019395947457,"w":-0.05008238926529884},"size":1.3335384130477906,"orthographic":false}