{"cameraMode":{"drawMode":0,"name":"Shaded","section":"Shading Mode"},"sceneLighting":true,"audioPlay":false,"sceneViewState":{"m_AlwaysRefresh":true,"showFog":true,"showSkybox":true,"showFlares":true,"showImageEffects":true,"showParticleSystems":true,"showVisualEffectGraphs":true,"m_FxEnabled":true},"in2DMode":false,"pivot":{"x":0.35395506024360659,"y":1.332572340965271,"z":1.8246350288391114},"rotation":{"x":0.005130752921104431,"y":-0.994733989238739,"z":0.06325056403875351,"w":0.08064659684896469},"size":0.7681149840354919,"orthographic":false}