{"cameraMode":{"drawMode":0,"name":"Shaded","section":"Shading Mode"},"sceneLighting":true,"audioPlay":false,"sceneViewState":{"m_AlwaysRefresh":true,"showFog":true,"showSkybox":true,"showFlares":true,"showImageEffects":true,"showParticleSystems":true,"showVisualEffectGraphs":true,"m_FxEnabled":true},"in2DMode":false,"pivot":{"x":1.4566925764083863,"y":1.7552099227905274,"z":-0.022450009360909463},"rotation":{"x":0.2274797409772873,"y":-0.7077842950820923,"z":0.26157519221305849,"w":0.6155309677124023},"size":0.7681146860122681,"orthographic":false}