{"cameraMode":{"drawMode":0,"name":"Shaded","section":"Shading Mode"},"sceneLighting":true,"audioPlay":false,"sceneViewState":{"m_AlwaysRefresh":true,"showFog":true,"showSkybox":true,"showFlares":true,"showImageEffects":true,"showParticleSystems":true,"showVisualEffectGraphs":true,"m_FxEnabled":true},"in2DMode":false,"pivot":{"x":-21.380773544311525,"y":0.3808102607727051,"z":-2.2320265769958498},"rotation":{"x":-0.016378657892346383,"y":0.7388195991516113,"z":-0.017963001504540445,"w":-0.6735199689865112},"size":12.12435531616211,"orthographic":false}